{
  "atom": {
    "data": {
      "C/CCC": [
        -1.6626499472385299,
        -10.876395283985039,
        0.003211753711296707,
        -0.07780129583142271
      ],
      "C/CCCH": [
        -0.6506947308683324,
        103.58708619892538,
        -1.604494876734059,
        -0.21283894862810818
      ],
      "C/CCH": [
        0.8706963256073638,
        1.6239322224991941,
        0.6019990391779395,
        -0.20677094009400745
      ],
      "C/CCHH": [
        -7.500995995605545,
        580.8832438013218,
        0.688892602824858,
        -0.41432758313289403
      ],
      "C/CCHN": [
        1.0313923180803257,
        -0.9826029916132463,
        1.7755402984962743,
        -0.13304880457464413
      ],
      "C/CCHO": [
        -6.249175952026124,
        16577.816043490944,
        -53.30456355856959,
        0.10592662792663826
      ],
      "C/CCN": [
        -2.266409870039872,
        -258.2353892723235,
        3.7878114775116365,
        0.09470649054597112
      ],
      "C/CCO": [
        19.472827694810434,
        -483.356768359257,
        0.12090099149040606,
        0.29207971045910436
      ],
      "C/CHHH": [
        -2.6988595990982747,
        180.18279169014247,
        1.2942767681629064,
        -0.6188192196339866
      ],
      "C/CHHN": [
        0.7092898511895969,
        1.3913768721393887,
        0.0008912648019758204,
        -0.2667360537099894
      ],
      "C/CHHO": [
        -104.55801762383072,
        3556.0407768615705,
        -0.05180274234744738,
        -0.08990231094725314
      ],
      "C/CHHS": [
        0.5881959504660683,
        1.229555109347668,
        0.5388970341661554,
        -0.5062556513983774
      ],
      "C/CHN": [
        5.327132745389798,
        25.863121764226037,
        22.235439279497037,
        -0.03338768731046057
      ],
      "C/CNO": [
        355.92856864628936,
        34745.59918716287,
        1.2652082950384103,
        0.6751659858516521
      ],
      "C/COO": [
        1.407083697608854,
        1.6663616716329934,
        1.0405354046607973,
        0.5535267861125791
      ],
      "C/HHHS": [
        0.594933668075639,
        -47.62681633130443,
        2.063690114225009,
        -0.7275075352177609
      ],
      "C/HNN": [
        12.847842919929636,
        1054.4107279210482,
        0.050758187277823046,
        0.15526466267197192
      ],
      "C/NNN": [
        10.172454218926731,
        144.91139042646856,
        127.61476905611494,
        0.6981065731468024
      ],
      "H/C": [
        1.0506900159522272,
        53.739153851421875,
        0.9781749740992852,
        0.21112488285154032
      ],
      "H/N": [
        1.8669208037319291,
        326.30016008103985,
        -1.0897684449859593,
        0.42300372146733484
      ],
      "H/O": [
        76.63108141077663,
        -4048.06458631896,
        0.000288936658074829,
        0.4630452590339326
      ],
      "H/S": [
        1.149300114251523,
        1.6601328623888882,
        -1.2159351000370746e-06,
        0.1580236026068675
      ],
      "N/CC": [
        2.8337375364344477,
        4.586626660539411,
        0.001001143465663705,
        -0.4787885675210565
      ],
      "N/CCC": [
        1.4800594271413043,
        2.614462146299406,
        1.1138353252439903,
        -0.3517490898594748
      ],
      "N/CCH": [
        2.5897068530147878,
        10.20535070149115,
        1.5339496633969876,
        -0.5791864862683469
      ],
      "N/CCHH": [
        0.7559669618401612,
        -0.6666850014231134,
        1.0914781541718797,
        -0.4811827649633712
      ],
      "N/CHH": [
        1.4031993324465846,
        1.264134452282193,
        1.7499035490243042,
        -0.7716919811785945
      ],
      "N/CHHH": [
        26.7740735425459,
        558.6911019638367,
        43.689644230776956,
        -0.632746792135908
      ],
      "O/C": [
        0.8004321338742093,
        6.98984506501621,
        0.00020146582094938587,
        -0.6641594664344482
      ],
      "O/CH": [
        2.0774041483417123,
        0.943862005630494,
        1.2706353639541164,
        -0.7105687122319673
      ],
      "S/CC": [
        0.9840359503832729,
        -29.2848870470561,
        0.8777064467092506,
        0.1774429201466036
      ],
      "S/CH": [
        0.9548813162993592,
        0.9225655581212318,
        0.6748588866966415,
        -0.06241778211920561
      ],
      "S/CS": [
        0.9835917920056868,
        0.5417189690467065,
        0.6437437525267956,
        0.0856416153937308
      ]
    },
    "names": [
      "chi",
      "eta",
      "width",
      "q0"
    ]
  },
  "bond": {
    "data": {
      "C/CCC-C/CCC-4": -78.69580324994803,
      "C/CCC-C/CCH-4": 139.0974720683,
      "C/CCC-C/CCHH-1": -72.91600319916142,
      "C/CCC-C/CCN-4": 75.77042147116067,
      "C/CCC-C/CHN-4": -512.602367809299,
      "C/CCCH-C/CCHH-1": 1509.8142641580887,
      "C/CCCH-C/CCHN-1": 261.74790665602825,
      "C/CCCH-C/CHHH-1": 1831.1804589882863,
      "C/CCCH-H/C-1": 143.37588453722756,
      "C/CCH-C/CCH-4": 0.10439604907879409,
      "C/CCH-C/CCN-4": 97.71213972972315,
      "C/CCH-C/CCO-4": -761.7493633536847,
      "C/CCH-H/C-1": -49.19013170509839,
      "C/CCHH-C/CCHH-1": -49.60548290124041,
      "C/CCHH-C/CCHN-1": 1449.9864858756696,
      "C/CCHH-C/CCN-1": 311.6259000072762,
      "C/CCHH-C/CHHH-1": 1258.0548774414874,
      "C/CCHH-C/CHHN-1": 1199.622117104503,
      "C/CCHH-C/CHHS-1": 388.1435775636964,
      "C/CCHH-C/CNO-1": -3.542222021040706,
      "C/CCHH-C/COO-1": 215.7399595759651,
      "C/CCHH-H/C-1": 834.8235381845609,
      "C/CCHN-C/CCHO-1": 112591.83466179353,
      "C/CCHN-C/CHHH-1": 117.69701093790724,
      "C/CCHN-C/CHHO-1": 316.70528547525197,
      "C/CCHN-C/CHHS-1": 6.842920194291122,
      "C/CCHN-C/CNO-1": 343.0639193993759,
      "C/CCHN-C/COO-1": 68.9324717397298,
      "C/CCHN-H/C-1": -44.929342954071615,
      "C/CCHN-N/CCC-1": 26.067052644568406,
      "C/CCHN-N/CCH-1": 114.98250108715625,
      "C/CCHN-N/CCHH-1": -0.4760402790638308,
      "C/CCHN-N/CHHH-1": 1266.4383245312608,
      "C/CCHO-C/CHHH-1": 356.15522526010886,
      "C/CCHO-H/C-1": 637.1888785038705,
      "C/CCHO-O/CH-1": 1314.2550418662047,
      "C/CCN-C/CHN-4": 90.15103907104879,
      "C/CCN-N/CC-4": -68.22159196133094,
      "C/CCN-N/CCH-4": -93.38351401593953,
      "C/CCO-O/CH-1": 319.4756610848263,
      "C/CHHH-H/C-1": -51.3028637172112,
      "C/CHHN-C/CNO-1": 23161.17663088242,
      "C/CHHN-C/COO-1": 56.249019296873996,
      "C/CHHN-H/C-1": -51.03156839880764,
      "C/CHHN-N/CCC-1": 20.436938638242367,
      "C/CHHN-N/CCH-1": 204.44327862379086,
      "C/CHHN-N/CCHH-1": 2.950128465929264,
      "C/CHHN-N/CHHH-1": -2314.428252586408,
      "C/CHHO-H/C-1": 11325.692959967082,
      "C/CHHO-O/CH-1": 19808.39291411185,
      "C/CHHS-H/C-1": -51.44740611152747,
      "C/CHHS-S/CC-1": 54.16171608065792,
      "C/CHHS-S/CH-1": 2.392888182979279,
      "C/CHHS-S/CS-1": 2.7903601452761992,
      "C/CHN-H/C-1": 1856.5148752480013,
      "C/CHN-N/CC-4": 1400.7282499392854,
      "C/CHN-N/CCH-4": 810.7270797085363,
      "C/CNO-N/CCC-1": -33.483127839739886,
      "C/CNO-N/CCH-1": 9840.831719248048,
      "C/CNO-N/CHH-1": -12.804550514094203,
      "C/CNO-O/C-2": 33.201314857816534,
      "C/COO-O/C-1": -5.387009473221044,
      "C/COO-O/C-2": -5.369771384082342,
      "C/HHHS-H/C-1": -127.5810312302415,
      "C/HHHS-S/CC-1": 85.66697937998275,
      "C/HNN-H/C-1": 3018.190685569094,
      "C/HNN-N/CC-4": 1217.5699435150043,
      "C/HNN-N/CCH-4": 379.8394778640689,
      "C/NNN-N/CCH-1": -25.436293520749995,
      "C/NNN-N/CHH-1": -48.68688307916725,
      "C/NNN-N/CHH-2": -54.18504118775181,
      "H/N-N/CCH-1": 15.665007801387972,
      "H/N-N/CCHH-1": 1.0124029935922327,
      "H/N-N/CHH-1": -323.0940664985577,
      "H/N-N/CHHH-1": -303.0006254314544,
      "H/O-O/CH-1": -4048.0370359583408,
      "H/S-S/CH-1": 0.7625484281961252,