{
  "atom": {
    "data": {
      "C/CCC": [
        3.7603057976736154,
        1.6976819217776788,
        -0.697453288894111,
        0.9376403397703735
      ],
      "C/CCCH": [
        1.9978548090936066,
        2.064743613936113,
        -0.4598696477693316,
        -0.17285792999147653
      ],
      "C/CCH": [
        1.6709485563386082,
        1.6925587200276748,
        -1.5802854826050547e-06,
        -0.31480404465205875
      ],
      "C/CCHH": [
        1.8437908203601383,
        1.3380914432498372,
        0.5310587337329247,
        -0.4288925528818956
      ],
      "C/CCHN": [
        2.1965407353616255,
        2.566979566786232,
        0.0007589020715534475,
        0.025114113171108815
      ],
      "C/CCHO": [
        -25.006395904314765,
        50.71675012393452,
        1.053863493292307e-06,
        -0.26061705534855656
      ],
      "C/CCN": [
        3.612685388219789,
        1.758463156577642,
        5.688482420601587e-07,
        0.8373161974085964
      ],
      "C/CCO": [
        1.5095067925893348,
        1.8721416730424305,
        -0.5572687494406261,
        -0.044370351490493024
      ],
      "C/CHHH": [
        1.5998013535639737,
        1.265226486660501,
        0.8704537762836955,
        -0.7386929056869173
      ],
      "C/CHHN": [
        1.835522114741314,
        0.5420538840091076,
        -0.010639174389708617,
        -0.26478413671615286
      ],
      "C/CHHO": [
        -56.42494287763289,
        92.2371114595797,
        2.7312446168010185,
        -0.5225003185413886
      ],
      "C/CHHS": [
        -41.938946855139775,
        80.45107822984168,
        1.4255217266081843,
        -0.9514412279460446
      ],
      "C/CHN": [
        -0.2936910203024807,
        1.655184079869918,
        -0.0009428944774059018,
        -1.4586238215229281
      ],
      "C/CNO": [
        2.8571328420100977,
        1.6393367905153995,
        0.5150125664270656,
        0.8846811646224967
      ],
      "C/COO": [
        2.551958732601132,
        1.3366261939633515,
        0.77682224891792,
        0.7697837113613158
      ],
      "C/HHHS": [
        1.3667913843728234,
        1.181981571607423,
        1.7359709613023102,
        -1.365018792210487
      ],
      "C/HNN": [
        4.167584598462356,
        3.978860100298785,
        5.692431491090065e-07,
        1.0782253061139337
      ],
      "C/NNN": [
        2.760989377803407,
        1.0830801281840559,
        1.8690459623821065,
        0.9054511855432299
      ],
      "H/C": [
        2.8437611775717997,
        1.0763971773304826,
        0.6465344318049151,
        0.4580354914731964
      ],
      "H/N": [
        -8.572699854568716,
        914.0827761735052,
        0.0003411879459624774,
        0.5723665255117988
      ],
      "H/O": [
        1.9384045467556237,
        0.8782168889535992,
        0.5596133414279622,
        0.11894738179278051
      ],
      "H/S": [
        4.268479011307551,
        0.7673303246069448,
        -2.0987140357564497e-05,
        0.476584017622123
      ],
      "N/CC": [
        2.553708962399889,
        31.62872322516858,
        1.0572437559759182,
        -0.2437312835655849
      ],
      "N/CCC": [
        2.458504208650873,
        2499.594330003581,
        837.6293774967587,
        -0.31612171838753034
      ],
      "N/CCH": [
        2.0114140621942265,
        2.201218023879151,
        1.4681440222211497,
        -0.48711324438370507
      ],
      "N/CCHH": [
        9.147486573811491,
        118.26849843005657,
        46.89114536477175,
        -0.36664003891633323
      ],
      "N/CHH": [
        2.3364582577603206,
        49.694121115027365,
        1.6818345545223434,
        -0.6750457547041053
      ],
      "N/CHHH": [
        53.556168717088596,
        319.22099606704734,
        2.815421376494529,
        -0.434425918808348
      ],
      "O/C": [
        1.7986640611421518,
        88.7221826041742,
        -0.9158997503017979,
        -0.5779821494684934
      ],
      "O/CH": [
        4.342706160210423,
        1.77300740042368,
        1.129641686596696,
        0.2807063732328647
      ],
      "S/C": [
        2.7580696875380424,
        -5.006296631228853,
        3.481826556963611e-06,
        -0.044141672306959576
      ],
      "S/CC": [
        3.4885715857215143,
        0.3073398014978414,
        2.227465842589978,
        1.267638292950472
      ],
      "S/CH": [
        3.132537475063368,
        0.7946574696966054,
        -2.6428678518272362e-05,
        0.30258543340880534
      ],
      "S/CS": [
        3.7874495717773304,
        0.4708105617591161,
        1.1712018956384305,
        0.6754543701255626
      ]
    },
    "names": [
      "chi",
      "eta",
      "width",
      "q0"
    ]
  },
  "bond": {
    "data": {
      "C/CCC-C/CCC-1": -0.028013226871319224,
      "C/CCC-C/CCH-1": 0.1260916140991849,
      "C/CCC-C/CCH-2": 0.06323253231012299,
      "C/CCC-C/CCHH-1": 661.4572182469627,
      "C/CCC-C/CCN-2": 543.9852625288962,
      "C/CCC-C/CHN-2": -0.12486595701380843,
      "C/CCCH-C/CCHH-1": 1932.4795069309923,
      "C/CCCH-C/CCHN-1": 10.797941750251079,
      "C/CCCH-C/CHHH-1": 2.9731135876329846,
      "C/CCCH-H/C-1": 2.7470028543765364,
      "C/CCH-C/CCH-1": 0.019198880171144694,
      "C/CCH-C/CCH-2": 0.08162153460169531,
      "C/CCH-C/CCN-1": 0.6394648359156595,
      "C/CCH-C/CCO-1": 49.81089566396884,
      "C/CCH-C/CCO-2": 0.19498798964742586,
      "C/CCH-H/C-1": 3.9621767159414945,
      "C/CCHH-C/CCHH-1": 1159.1365142002528,
      "C/CCHH-C/CCHN-1": 2518.2054872371914,
      "C/CCHH-C/CCN-1": 195.34893773613587,
      "C/CCHH-C/CHHH-1": 1678.63899630586,
      "C/CCHH-C/CHHN-1": 54.921939231317836,
      "C/CCHH-C/CHHS-1": 691.7351071204043,
      "C/CCHH-C/CNO-1": 2.5877775092480295,
      "C/CCHH-C/COO-1": 2.1687577036394545,
      "C/CCHH-H/C-1": 2.21208123594113,
      "C/CCHN-C/CCHO-1": 4.472608694573457,
      "C/CCHN-C/CHHH-1": 3.388166207637955,
      "C/CCHN-C/CHHO-1": 2.8559208485896153,
      "C/CCHN-C/CHHS-1": 3.9017212335202376,
      "C/CCHN-C/CNO-1": 5.109692349216087,
      "C/CCHN-C/COO-1": 1.8243149512950279,
      "C/CCHN-H/C-1": 3.0619909447723423,
      "C/CCHN-N/CCC-1": -639.0467478954938,
      "C/CCHN-N/CCH-1": 12.213128392809004,
      "C/CCHN-N/CCHH-1": 23.698094573238563,
      "C/CCHN-N/CHHH-1": 47.99109897501053,
      "C/CCHO-C/CHHH-1": 4.407249962893238,
      "C/CCHO-H/C-1": 3.7354765098593004,
      "C/CCHO-O/CH-1": 2.2772416408886866,
      "C/CCN-C/CHN-2": 0.1300112946240707,
      "C/CCN-N/CCH-1": 0.06237660773892606,
      "C/CCO-O/C-1": 335.2180044808998,
      "C/CCO-O/CH-1": 3.699334629354006,
      "C/CHHH-H/C-1": 2.816276575143068,
      "C/CHHN-C/CNO-1": 2261.9401238386354,
      "C/CHHN-C/COO-1": 4.445070029111757,
      "C/CHHN-H/C-1": 4.466166450703877,
      "C/CHHN-N/CC-1": 151.43175616905256,
      "C/CHHN-N/CCC-1": 1417.483461908563,
      "C/CHHN-N/CCH-1": 92.60419440526347,
      "C/CHHN-N/CCHH-1": -14.362473923822666,
      "C/CHHN-N/CHH-1": -45.40080382366739,
      "C/CHHN-N/CHHH-1": -0.932041890882138,
      "C/CHHO-H/C-1": 2.662282854311381,
      "C/CHHO-O/CH-1": 2.1409635646566545,
      "C/CHHS-H/C-1": 2.545188146393508,
      "C/CHHS-S/C-1": 6.688402631046774,
      "C/CHHS-S/CC-1": 1.7939946656722778,
      "C/CHHS-S/CH-1": 1.2810154923465804,
      "C/CHHS-S/CS-1": 2.469992808126486,
      "C/CHN-H/C-1": 3.035302083522054,
      "C/CHN-N/CC-1": -23.51023025901327,
      "C/CHN-N/CCH-1": -92.42565707658676,
      "C/CNO-N/CCC-1": 2266.236112983658,
      "C/CNO-N/CCH-1": 0.10449774559779094,
      "C/CNO-N/CHH-1": 838.1808124104749,
      "C/CNO-O/C-2": -86.8985366421909,
      "C/COO-O/C-1": -87.13612247723806,
      "C/COO-O/C-2": -87.10688650418032,
      "C/COO-O/CH-1": 3.804095789138816,
      "C/HHHS-H/C-1": 1.7912978338169698,
      "C/HHHS-S/CC-1": 1.1333095658433707,
      "C/HNN-H/C-1": 15.660399075069263,