{
  "atom": {
    "data": {
      "C/CCC": [
        2.5687814805902294,
        1.9630624777726948,
        -0.055278968126683016,
        0.3327444212762203
      ],
      "C/CCCH": [
        -100.86435572435073,
        402.35442384983884,
        0.36298253881337783,
        -0.46704689488832757
      ],
      "C/CCH": [
        0.9009440205593,
        2.3070876798474917,
        0.055548487120586444,
        -0.49701673186556816
      ],
      "C/CCHH": [
        392.4780864980194,
        -834.3687749704408,
        -0.44912587049257086,
        -0.889520201271456
      ],
      "C/CCHN": [
        -2.10259169666948,
        6.605975893990341,
        -0.29454205201207756,
        -0.6585533542179142
      ],
      "C/CCHO": [
        -36.139753888336095,
        31.636516914366606,
        -0.040903542056104907,
        -1.0415202735183235
      ],
      "C/CCN": [
        -148.9781865518212,
        962.9770213467121,
        15.879912043736816,
        -0.04389461867750532
      ],
      "C/CCO": [
        -1186.4902612032697,
        1062.2746813954548,
        74.4237573242061,
        -0.7558808652678316
      ],
      "C/CHHH": [
        -1.0866615330379685,
        2.371703013645788,
        -0.830922441623403,
        -1.3062317677079287
      ],
      "C/CHHN": [
        -0.47443567594694125,
        2.337159159377706,
        -0.20889047535941596,
        -1.041426178637503
      ],
      "C/CHHO": [
        -298.2535205600056,
        207.6954468207192,
        -0.03305345085104067,
        -1.4792188855459656
      ],
      "C/CHHS": [
        -41.935549950141784,
        56.11296576330228,
        0.00023935099576589475,
        -1.2988641085908272
      ],
      "C/CHN": [
        -2.266510024177223,
        0.3939754801267266,
        0.09629547169087936,
        -1.346779959189307
      ],
      "C/CNO": [
        3.2668063307677158,
        10.683022158687743,
        0.24549347423134837,
        0.7833488474741287
      ],
      "C/COO": [
        -0.9776968514623057,
        17.510575204441302,
        -0.4632912922162739,
        0.5915955262264768
      ],
      "C/HHHS": [
        -10.07066592581464,
        7.558661159124929,
        -0.04893288882733614,
        -2.024086601744292
      ],
      "C/HNN": [
        -2.34328666362485,
        3.34689190918216,
        -2.609414581010653,
        -1.1770076030987233
      ],
      "C/NNN": [
        1.77311921186552,
        6.867553629459274,
        0.4835901711771311,
        0.5991027331437431
      ],
      "H/C": [
        3.751908356668235,
        6.071821097234057,
        1.3574651635016604,
        0.4422243745690214
      ],
      "H/N": [
        2.8619444671425285,
        4.781084626516696,
        -0.00026222511080351517,
        0.5178475272485551
      ],
      "H/O": [
        2.8416450283988657,
        -0.3489553540170435,
        0.8471056583025803,
        -0.04441403149810218
      ],
      "H/S": [
        2.3119013641820407,
        -2.5729274976091,
        -0.7680817630563409,
        0.3343876035421595
      ],
      "N/CC": [
        7.794284982529504,
        2.7627454346385454,
        -2.8534175840134423e-06,
        1.669659417396107
      ],
      "N/CCC": [
        50.65800266333274,
        65.52303177594527,
        75.56600446702151,
        0.2691948644460815
      ],
      "N/CCH": [
        2.4548226260435824,
        5.067024482974378,
        1.4748235004298655,
        -0.4521552423804196
      ],
      "N/CCHH": [
        43.31381390963501,
        74.3239011868152,
        20.42631781740722,
        -0.02848214729446182
      ],
      "N/CHH": [
        0.7483190443272,
        1.9144979147421786,
        0.4635724457709941,
        -0.909384307622187
      ],
      "N/CHHH": [
        93.66017673164001,
        359.32960922857166,
        352.8617736358235,
        -0.4682103321209854
      ],
      "O/C": [
        -12.992115762421458,
        -103.8036011272796,
        0.0004535519031199702,
        -0.6348458973581218
      ],
      "O/CH": [
        7.96473988932721,
        2.3344523501993746,
        2.0055104970978346,
        0.5660229366301963
      ],
      "S/C": [
        1.5904129043540343,
        -5.866201434400179,
        -0.01616638045188687,
        -0.31049791814975736
      ],
      "S/CC": [
        -0.13585661335805563,
        -0.35009107928329153,
        2.182820389269149,
        1.1392723215369331
      ],
      "S/CH": [
        0.5300579255076192,
        0.12909616336594093,
        1.2804554750911834,
        0.028612969234644094
      ],
      "S/CS": [
        1.6603534603928347,
        0.29253280527756187,
        -0.018839182372740175,
        0.4123551442827436
      ]
    },
    "names": [
      "chi",
      "eta",
      "width",
      "q0"
    ]
  },
  "bond": {
    "data": {
      "C/CCC-C/CCC-1": -0.1129656283214348,
      "C/CCC-C/CCH-1": 0.4096088203459679,
      "C/CCC-C/CCH-2": 0.4352571339156882,
      "C/CCC-C/CCHH-1": -1075.091695445157,
      "C/CCC-C/CCN-2": 166.024234279445,
      "C/CCC-C/CHN-2": 4.087472741661184,
      "C/CCCH-C/CCHH-1": 77.51307894802761,
      "C/CCCH-C/CCHN-1": 26.763463300198836,
      "C/CCCH-C/CHHH-1": 11.160215995728779,
      "C/CCCH-H/C-1": 6.953231327053185,
      "C/CCH-C/CCH-1": 0.2647132254139234,
      "C/CCH-C/CCH-2": 0.28251141566941346,
      "C/CCH-C/CCN-1": 8.459349087041744,
      "C/CCH-C/CCO-1": 144.7242049011076,
      "C/CCH-C/CCO-2": 211.2042354204438,
      "C/CCH-H/C-1": 3.1286410238860287,
      "C/CCHH-C/CCHH-1": -2152.0464651875186,
      "C/CCHH-C/CCHN-1": 0.8006169678532014,
      "C/CCHH-C/CCN-1": 8506.785695601107,
      "C/CCHH-C/CHHH-1": 510.9810565419937,
      "C/CCHH-C/CHHN-1": 4.103604111026051,
      "C/CCHH-C/CHHS-1": 1725.9033451685416,
      "C/CCHH-C/CNO-1": -2.121532199271625,
      "C/CCHH-C/COO-1": 1.039643832642155,
      "C/CCHH-H/C-1": 3.187795218470106,
      "C/CCHN-C/CCHO-1": 13.644387883361368,
      "C/CCHN-C/CHHH-1": 63.17892449420387,
      "C/CCHN-C/CHHO-1": -0.6359856170122848,
      "C/CCHN-C/CHHS-1": 20.397370625377548,
      "C/CCHN-C/CNO-1": 0.828082968743721,
      "C/CCHN-C/COO-1": 239.92091256042076,
      "C/CCHN-H/C-1": 4.195658284065927,
      "C/CCHN-N/CCC-1": 2.717202534402663,
      "C/CCHN-N/CCH-1": 0.3763690994060214,
      "C/CCHN-N/CCHH-1": 2.934576305446438,
      "C/CCHN-N/CHHH-1": -22.62687341531296,
      "C/CCHO-C/CHHH-1": 4.612339153627726,
      "C/CCHO-H/C-1": 6.85745146157291,
      "C/CCHO-O/CH-1": 5.398244719406581,
      "C/CCN-C/CHN-2": -17.815638101660305,
      "C/CCN-N/CCH-1": 7.064528704660678,
      "C/CCO-O/C-1": 306.14296580940623,
      "C/CCO-O/CH-1": 44.861913682275116,
      "C/CHHH-H/C-1": 6.470790485986776,
      "C/CHHN-C/CNO-1": 1.19856691045114,
      "C/CHHN-C/COO-1": 2284.582179327293,
      "C/CHHN-H/C-1": 3.825209218805687,
      "C/CHHN-N/CC-1": -0.13851496172882413,
      "C/CHHN-N/CCC-1": 2.0862441565613956,
      "C/CHHN-N/CCH-1": 0.7818991971785425,
      "C/CHHN-N/CCHH-1": 1.7194649059577303,
      "C/CHHN-N/CHH-1": 0.7858540921207533,
      "C/CHHN-N/CHHH-1": -24.725761116947606,
      "C/CHHO-H/C-1": 2.3660634131947353,
      "C/CHHO-O/CH-1": 4.234974410622402,
      "C/CHHS-H/C-1": 7.837997576128666,
      "C/CHHS-S/C-1": 11.181511835594907,
      "C/CHHS-S/CC-1": -1.575540144858403,
      "C/CHHS-S/CH-1": -0.9749510365815001,
      "C/CHHS-S/CS-1": 1.9407983225888468,
      "C/CHN-H/C-1": 17.7909240001449,
      "C/CHN-N/CC-1": 2.844436617166101,
      "C/CHN-N/CCH-1": 12.538573480350573,
      "C/CNO-N/CCC-1": 9.348914114978893,
      "C/CNO-N/CCH-1": 0.19016162501419012,
      "C/CNO-N/CHH-1": 4.753126803580955,
      "C/CNO-O/C-2": -253.15593320762346,
      "C/COO-O/C-1": -29.84291259813933,
      "C/COO-O/C-2": -39.803283974338974,
      "C/COO-O/CH-1": 4.073681919463419,
      "C/HHHS-H/C-1": 9.234428622053928,
      "C/HHHS-S/CC-1": -0.0020622982827803943,
      "C/HNN-H/C-1": 0.3695005720791912,