{
  "atom": {
    "data": {
      "C/CCC": [
        -41.58850204436983,
        -962.9571868928027,
        6.55117298047896,
        -0.00011991261165657866
      ],
      "C/CCCH": [
        13.527552131907028,
        7141.5666476924525,
        -0.5152343321298253,
        -0.2074328616859412
      ],
      "C/CCH": [
        0.7382563323243206,
        1.4433534848905636,
        0.6394081720067037,
        -0.2284117997043873
      ],
      "C/CCHH": [
        0.6154529644186529,
        2.147737863808928,
        0.26664023575708745,
        -0.4275472771922404
      ],
      "C/CCHN": [
        1.5259879589010905,
        1.0355736738641845,
        -0.0208042657913894,
        -0.05046308388374652
      ],
      "C/CCHO": [
        -18.508229836540064,
        304.6750279275049,
        613.9703004117295,
        0.09163487522322375
      ],
      "C/CCN": [
        -6.088598794660073,
        217.0175446542265,
        23.025307572040077,
        0.06132486353376578
      ],
      "C/CCO": [
        -97.97805309751527,
        -135.5447098428292,
        0.000396051699447208,
        0.2548614737212371
      ],
      "C/CHHH": [
        0.5557432378836691,
        1.1156245914459129,
        1.1034113777900894,
        -0.6481800878931504
      ],
      "C/CHHN": [
        11.543629212906833,
        379.92043995814305,
        -1.6373705868912385,
        -0.20047326344895988
      ],
      "C/CHHO": [
        -13.927932182581284,
        150.3564081572892,
        -30.85629598989891,
        -0.06920108022489414
      ],
      "C/CHHS": [
        0.7593752091415371,
        0.06470187978540418,
        1.6332014330952649,
        -0.5152259376186704
      ],
      "C/CHN": [
        6.6261291194852525,
        418.72889069593066,
        0.0022112101778160895,
        -0.1090175168849576
      ],
      "C/CNO": [
        1.7746456372876493,
        8.689466702108106,
        0.5554119616366128,
        0.766556673825223
      ],
      "C/COO": [
        1.9150473666998957,
        2.2857575953499243,
        0.379245654359585,
        0.7939222753174294
      ],
      "C/HHHS": [
        0.5636072293654845,
        0.7876613183275616,
        1.241440878282402,
        -0.7468671586510234
      ],
      "C/HNN": [
        -65.67859864275603,
        716.9708256735369,
        -1.6050220359795602,
        0.11244178272637771
      ],
      "C/NNN": [
        5.51005543359463,
        31.127464917156495,
        -0.8439783465554869,
        0.7945076643568334
      ],
      "H/C": [
        1.00574706054115,
        103.06886459580018,
        1.238837671586246,
        0.23533454783538083
      ],
      "H/N": [
        1.656779021554276,
        1344.3980948999963,
        -7.398811053179527e-06,
        0.4399434489728544
      ],
      "H/O": [
        1.756122143062076,
        8.3751121288766,
        -0.005353694076392348,
        0.5048645066961437
      ],
      "H/S": [
        1.2026969471743527,
        3.2796948723901425,
        0.84057717511013,
        0.07524958903476492
      ],
      "N/CC": [
        5407.723718095285,
        25067.28898620957,
        260.02204618412577,
        -0.28733655948381465
      ],
      "N/CCC": [
        1.0293858558452937,
        -39.86672410081857,
        -0.4746083787602527,
        -0.4634761480288571
      ],
      "N/CCH": [
        74.00423282001273,
        18037.34915201628,
        -0.3573757143059168,
        -0.6404250900014264
      ],
      "N/CCHH": [
        27.81815548617979,
        -53.23328050164768,
        93.24444306691471,
        -0.5162482358956155
      ],
      "N/CHH": [
        1.1917564087741608,
        3.9034311411769544,
        1.9430022041535702,
        -0.8332734421504933
      ],
      "N/CHHH": [
        81.92256194520833,
        1642.2148655958877,
        -0.5294052420644798,
        -0.705076319477206
      ],
      "O/C": [
        0.16789516209675906,
        314.60855618179886,
        1.2459849524779052,
        -0.7566186330479415
      ],
      "O/CH": [
        0.9867507825570924,
        4.049769723003121,
        1.2924860171083816,
        -0.7675078914634086
      ],
      "S/C": [
        0.7503720911756149,
        1.0402171042072321,
        0.00011091106306543132,
        -0.5178563389362258
      ],
      "S/CC": [
        0.9781001911219939,
        0.09195956431351543,
        2.1815785323766645,
        0.19938909008227013
      ],
      "S/CH": [
        1.0354017456393523,
        -0.7369524057503651,
        -1.55617308567954,
        0.020398389385838843
      ],
      "S/CS": [
        0.7228893418691804,
        4.845590200291,
        5.366281819339776,
        0.07960043304574957
      ]
    },
    "names": [
      "chi",
      "eta",
      "width",
      "q0"
    ]
  },
  "bond": {
    "data": {
      "C/CCC-C/CCC-4": 584.220877556874,
      "C/CCC-C/CCH-4": 0.27719098386853097,
      "C/CCC-C/CCHH-1": 104.65210789026813,
      "C/CCC-C/CCN-4": 527.8487868499253,
      "C/CCC-C/CHN-4": -1622.8753494989692,
      "C/CCCH-C/CCHH-1": -159.59905997637952,
      "C/CCCH-C/CCHN-1": -155.18087262254946,
      "C/CCCH-C/CHHH-1": 433.714932269516,
      "C/CCCH-H/C-1": 22847.812461549503,
      "C/CCH-C/CCH-4": 0.2692569553366097,
      "C/CCH-C/CCN-4": -99.22625735231823,
      "C/CCH-C/CCO-4": 3279.860089579874,
      "C/CCH-H/C-1": -95.81753502734782,
      "C/CCHH-C/CCHH-1": 2.23362626933931,
      "C/CCHH-C/CCHN-1": 436.37017771098573,
      "C/CCHH-C/CCN-1": 83.52181355173065,
      "C/CCHH-C/CHHH-1": 54.82258384042844,
      "C/CCHH-C/CHHN-1": 51.2069044707939,
      "C/CCHH-C/CHHS-1": 2.8170341335233453,
      "C/CCHH-C/CNO-1": 129.15935509906933,
      "C/CCHH-C/COO-1": 179.33649989123953,
      "C/CCHH-H/C-1": -100.31673692171125,
      "C/CCHN-C/CCHO-1": 575.1123911221858,
      "C/CCHN-C/CHHH-1": 101.62762770806292,
      "C/CCHN-C/CHHO-1": 347.1106184238826,
      "C/CCHN-C/CHHS-1": 130.25587506136034,
      "C/CCHN-C/CNO-1": 18.806685178187553,
      "C/CCHN-C/COO-1": 104.86078637985474,
      "C/CCHN-H/C-1": -66.10118268262572,
      "C/CCHN-N/CCC-1": 184.76792847446205,
      "C/CCHN-N/CCH-1": 1427.331728191621,
      "C/CCHN-N/CCHH-1": -2977.1656108694106,
      "C/CCHN-N/CHHH-1": 181606.61118939656,
      "C/CCHO-C/CHHH-1": 217.00073717584038,
      "C/CCHO-H/C-1": 492.5847137141129,
      "C/CCHO-O/CH-1": 805.4195329727903,
      "C/CCN-C/CHN-4": 208.9535886449178,
      "C/CCN-N/CCH-4": 616.5853286220753,
      "C/CCO-O/C-1": 25142.28432745816,
      "C/CCO-O/CH-1": 6417.737294020684,
      "C/CHHH-H/C-1": -99.63306963467726,
      "C/CHHN-C/CNO-1": 121.89135127051388,
      "C/CHHN-C/COO-1": 27.19630911268328,
      "C/CHHN-H/C-1": 547.4048951033055,
      "C/CHHN-N/CC-1": 2812.1501125382156,
      "C/CHHN-N/CCC-1": 1074.6943591719105,
      "C/CHHN-N/CCH-1": 775.4374010090895,
      "C/CHHN-N/CCHH-1": 1469.2376517830705,
      "C/CHHN-N/CHH-1": 200.166141373117,
      "C/CHHN-N/CHHH-1": -1367.9631451879793,
      "C/CHHO-H/C-1": 1887.269592131624,
      "C/CHHO-O/CH-1": 1801.6657543648507,
      "C/CHHS-H/C-1": -98.47256159347423,
      "C/CHHS-S/C-1": 3.1985987728012213,
      "C/CHHS-S/CC-1": 2.508415602026604,
      "C/CHHS-S/CH-1": 4.14869130285882,
      "C/CHHS-S/CS-1": 5.000666314566905,
      "C/CHN-H/C-1": -2249.7007323230964,
      "C/CHN-N/CC-4": 621.151444817147,
      "C/CHN-N/CCH-4": -975.8073789589538,
      "C/CNO-N/CCC-1": -46.28999486369593,
      "C/CNO-N/CCH-1": 70240.89205220695,
      "C/CNO-N/CHH-1": 34.73462718686688,
      "C/CNO-O/C-2": -311.78018411774235,
      "C/COO-O/C-1": -2686.0867832176996,
      "C/COO-O/C-2": 3295.834388066461,
      "C/COO-O/CH-1": -42.886552822177784,
      "C/HHHS-H/C-1": 7.838854746327582,
      "C/HHHS-S/CC-1": 2.042828923857631,
      "C/HNN-H/C-1": 2129.0118349176773,
      "C/HNN-N/CC-4": 2325.390851395165,
      "C/HNN-N/CCH-4": 352.04070494780007,
      "C/NNN-N/CC-1": 11593.539311321287,
      "C/NNN-N/CCH-1": 6953.072656497881,